id;nom;prenom;contact;adresse;login;mot_de_passe
1;Île-de-France Guyana encompassing;Account;morph c;Devolved;pixel;Gorgeous
2;c;Kids Rustic;Bike;capacitor;Steel a;Account
3;Pants bottom-line;communities navigate;productize;b d'Assas;Total;port compress
4;Guyana AI Frozen;PNG;optimizing Fresh;Toys Auvergne bypassing;Computers holistic Jordan;auxiliary
5;Innovative;Fresh invoice;Laos tolerance Mouse;SSL Refined;Shirt;SDD
6;up Maroc;Laffitte Poitou-Charentes Car;Rhône-Alpes;Versatile Berkshire IB;Profound Consultant;Concrete Picardie engineer
7;b;alarm system object-oriented;a;c;invoice a;Panama
8;connecting;Buckinghamshire;Bolivie;Vatu;Outdoors Rosiers;payment Gorgeous Cotton
9;Card Visionary;Plastic;Mauritanie;niches;Developpeur Refined;Movies Garden
10;upward-trending;Frozen paradigms Steel;transmitting connecting input;Adaptive PCI;Practical;Faubourg integrate
